"Agency Code","Agency Name","Budget Account Code","Budget Account Name","CIO Authority FY2020 (BY) ($ M)","Total Agency Funding 2018 PY ($ M)","Total Agency Funding 2019 CY ($ M)","Total Agency Funding 2020 BY ($ M)","Total Agency Funding Budget Authority 2020 BY ($ M)","Updated Date","Updated Time"
"	005","Department of Agriculture",005-13-1701,"Economic Research Service",0,11.304,12.216,12.615,1.154,2019-04-05,12:49:41
"	005","Department of Agriculture",005-60-4226,"Rural Water and Waste Disposal Direct Loans Financing Account",0,0.033,0.036,0.03,0,2019-04-05,12:49:41
"	005","Department of Agriculture",005-47-2707,"RMA Salaries and Expenses",0,5.937,7.338,6.019,2.542,2019-04-05,12:49:41
"	005","Department of Agriculture",005-96-1106,"National Forest System",0,238.947,527.01,540.187,396.312,2019-04-05,12:49:41
"	005","Department of Agriculture",005-14-0014,"Office of the Chief Financial Officer",0,176.367,70.522,73.227,60.926,2019-04-05,12:49:41
"	005","Department of Agriculture",005-63-1953,"Rural Housing Assistance Grants",0,0.177,0.177,0.177,0.108,2019-04-05,12:49:41
"	005","Department of Agriculture",005-47-4085,"Federal Crop Insurance Corporation Fund",0,34.626,9.484,9,9,2019-04-05,12:49:41
"	005","Department of Agriculture",005-96-1107,"Presidential Wildland Fire Contingency Reserve",0,8.027,7.628,7.329,6.778,2019-04-05,12:49:41
"	005","Department of Agriculture",005-15-1801,"National Agricultural Statistics Service",0,20.168,32.787,33.292,17.933,2019-04-05,12:49:41
"	005","Department of Agriculture",005-63-2081,"Rural Housing Insurance Fund Program Account",0,1.034,1.125,0.733,0.002,2019-04-05,12:49:41
"	005","Department of Agriculture",005-49-0600,"Salaries and Expenses",0,149.534,405.266,269.037,132.667,2019-04-05,12:49:41
"	005","Department of Agriculture",005-96-1115,"Wildland Fire Management",0,7.956,6.748,6.748,6.748,2019-04-05,12:49:41
"	005","Department of Agriculture",005-18-1400,"Salaries and Expenses",0,45.516,61.841,59.473,6.25,2019-04-05,12:49:41
"	005","Department of Agriculture",005-63-4216,"Rural Housing Insurance Fund Guaranteed Loan Financing Account",0,0.006,0.006,0.006,0,2019-04-05,12:49:41
"	005","Department of Agriculture",005-49-4213,"Agricultural Credit Insurance Fund Guaranteed Loan Financing Account",0,2.596,0.859,0.871,0.666,2019-04-05,12:49:41
"	005","Department of Agriculture",005-96-4605,"Working Capital Fund",0,50.572,53.209,52.687,44.659,2019-04-05,12:49:41
"	005","Department of Agriculture",005-19-0117,"Agriculture Buildings and Facilities and Rental Payments",0,0.614,0.632,0.651,0,2019-04-05,12:49:41
"	005","Department of Agriculture",005-65-1902,"Rural Business Program Account",0,0.086,0.091,0.071,0.001,2019-04-05,12:49:41
"	005","Department of Agriculture",005-49-4336,"Commodity Credit Corporation Fund",0,14.02,23.956,25.878,25.318,2019-04-05,12:49:41
"	005","Department of Agriculture",005-96-9974,"Forest Service Trust Funds",0,0,7.7,0,0,2019-04-05,12:49:41
"	005","Department of Agriculture",005-20-1003,"Biomass Research and Development",0,0,1.004,1.004,0,2019-04-05,12:49:41
"	005","Department of Agriculture",005-65-1907,"Rural Business Investment Program Account",0,0.02,0.017,0.021,0.002,2019-04-05,12:49:41
"	005","Department of Agriculture",005-03-9913,"Office of the Secretary",12.373,8.281,9.3,9.172,2.048,2019-04-05,12:49:41
"	005","Department of Agriculture",005-53-1000,"Private Lands Conservation Operations",0,170.702,195.951,157.577,45.215,2019-04-05,12:49:41
"	005","Department of Agriculture",005-53-1004,"Farm Security and Rural Investment Programs",0,24.785,15.409,8.874,8.149,2019-04-05,12:49:41
"	005","Department of Agriculture",005-20-1500,"Research and Education Activities",0,22.405,24.155,22.773,2.346,2019-04-05,12:49:41
"	005","Department of Agriculture",005-65-4033,"Rural Business Investment Program Guarantee Financing Account",0,0.003,0.003,0.003,0.002,2019-04-05,12:49:41
"	005","Department of Agriculture",005-04-0123,"Office of the Chief Economist",0.927,0.885,0.982,0.931,0.764,2019-04-05,12:49:41
"	005","Department of Agriculture",005-53-1010,"Resource Conservation and Development",0,1.136,3.391,2.231,0.646,2019-04-05,12:49:41
"	005","Department of Agriculture",005-20-1502,"Integrated Activities",0,0.058,0.005,0.005,0,2019-04-05,12:49:41
"	005","Department of Agriculture",005-65-4223,"Rural Business and Industry Direct Loans Financing Account",0,0.001,0.001,0.001,0,2019-04-05,12:49:41
"	005","Department of Agriculture",005-04-0503,"Office of Budget and Program Analysis",0.373,0.253,0.371,0.377,0.053,2019-04-05,12:49:41
"	005","Department of Agriculture",005-53-3318,"Colorado River Basin Salinity Control Program",0,2.72,3.183,4.024,0.058,2019-04-05,12:49:41
"	005","Department of Agriculture",005-25-0180,"Farm Production and Conservation Business Center",0,0,0,33.858,24.31,2019-04-05,12:49:41
"	005","Department of Agriculture",005-65-4355,"Biorefinery Assistance Guaranteed Loan Financing Account",0,7.232,7.606,7.787,0,2019-04-05,12:49:41
"	005","Department of Agriculture",005-04-0706,"Office of Hearings and Appeals",1.086,1.108,1.014,1.061,0.054,2019-04-05,12:49:41
"	005","Department of Agriculture",005-53-3336,"Forestry Incentives Program",0,2.005,4.989,3.606,2.526,2019-04-05,12:49:41
"	005","Department of Agriculture",005-32-1600,"Salaries and Expenses",0,80.314,164.952,140.385,74.343,2019-04-05,12:49:41
"	005","Department of Agriculture",005-68-2900,"Salaries and Expenses",0,13.787,12.698,12.175,10.284,2019-04-05,12:49:41
"	005","Department of Agriculture",005-04-4609,"Working Capital Fund",118.051,87.696,119.163,119.996,49.884,2019-04-05,12:49:41
"	005","Department of Agriculture",005-53-4368,"Damage Assessment and Restoration Revolving Fund",0,0.557,0.483,0.489,0,2019-04-05,12:49:41
"	005","Department of Agriculture",005-35-3700,"Salaries and Expenses",0,47.015,96.252,90.232,7.738,2019-04-05,12:49:41
"	005","Department of Agriculture",005-68-2903,"McGovern-Dole International Food for Education and Child Nutrition Program",0,0.159,0,0,0,2019-04-05,12:49:41
"	005","Department of Agriculture",005-04-9914,"Executive Operations",0.124,2.269,0.139,0.124,0.096,2019-04-05,12:49:41
"	005","Department of Agriculture",005-55-0403,"Salaries and Expenses",0,102.165,151.691,140.627,26.612,2019-04-05,12:49:41
"	005","Department of Agriculture",005-35-8137,"Expenses and Refunds, Inspection and Grading of Farm Products",0,11.45,16.751,15.819,6.758,2019-04-05,12:49:41
"	005","Department of Agriculture",005-68-4143,"Debt Reduction Financing Account",0,2.279,2.55,1.725,0,2019-04-05,12:49:41
"	005","Department of Agriculture",005-07-3800,"Office of Civil Rights",70.055,1.169,1.068,1.084,0.063,2019-04-05,12:49:41
"	005","Department of Agriculture",005-08-0900,"Office of Inspector General",5.615,1.31,2.828,2.844,0.726,2019-04-05,12:49:41
"	005","Department of Agriculture",005-60-1230,"Rural Electrification and Telecommunications Loans Program Account",0,0.061,0.052,0.053,0,2019-04-05,12:49:41
"	005","Department of Agriculture",005-45-2500,"Marketing Services",0,19.487,43.997,30.911,7.24,2019-04-05,12:49:41
"	005","Department of Agriculture",005-84-3505,"Supplemental Nutrition Assistance Program",0,39.786,53.993,55.867,54.624,2019-04-05,12:49:41
"	005","Department of Agriculture",005-60-4146,"Distance Learning, Telemedicine, and Broadband Direct Loan Financing Account",0,0.152,0.014,0.014,0.008,2019-04-05,12:49:41
"	005","Department of Agriculture",005-45-5070,"Perishable Agricultural Commodities Act Fund",0,1.486,0.807,0.73,0,2019-04-05,12:49:41
"	005","Department of Agriculture",005-84-3508,"Nutrition Programs Administration",0,8.653,19.586,21.259,18.385,2019-04-05,12:49:41
"	005","Department of Agriculture",005-10-2300,"Office of the General Counsel",1.148,6.283,7.897,7.902,0.225,2019-04-05,12:49:41
"	005","Department of Agriculture",005-60-4208,"Rural Electrification and Telecommunications Direct Loan Financing Account",0,0.004,0.004,0.004,0.002,2019-04-05,12:49:41
"	005","Department of Agriculture",005-45-5209,"Funds for Strengthening Markets, Income, and Supply (section 32)",0,35.647,39.843,38.043,0.011,2019-04-05,12:49:41
"	005","Department of Agriculture",005-84-3510,"Special Supplemental Nutrition Program for Women, Infants, and Children (WIC)",0,6.295,6.169,6.191,5.974,2019-04-05,12:49:41
"	005","Department of Agriculture",005-84-3539,"Child Nutrition Programs",0,13.718,15.674,16.816,11.815,2019-04-05,12:49:41
"	005","Department of Agriculture",005-12-0013,"Office of the Chief Information Officer",119.602,104.932,86.535,120.185,2.827,2019-04-05,12:49:41
"	005","Department of Agriculture",005-60-4209,"Rural Electrification and Telecommunications Guaranteed Loans Financing Account",0,0.014,0.013,0.012,0.002,2019-04-05,12:49:41
"	005","Department of Agriculture",005-45-8015,"Expenses and Refunds, Inspection and Grading of Farm Products",0,15.592,26.105,24.321,1.053,2019-04-05,12:49:41
"	006","Department of Commerce",006-40-0201,"Minority Business Development",4.174,1.931,2.616,4.174,0,2019-04-04,15:17:45
"	006","Department of Commerce",006-48-1450,"Operations, Research, and Facilities",498.1042,475.823636,484.314331,498.1042,335.321708,2019-04-04,15:17:45
"	006","Department of Commerce",006-48-1460,"Procurement, Acquisition and Construction",143.715,167.228182,160.455,143.715,127.752,2019-04-04,15:17:45
"	006","Department of Commerce",006-51-1006,"Salaries and Expenses",654.006978,667.229692,721.243577,654.006978,245.566057,2019-04-04,15:17:45
"	006","Department of Commerce",006-54-4295,"NTIS Revolving Fund",3.623,3.336,2.978,3.623,21.98,2019-04-04,15:17:45
"	006","Department of Commerce",006-55-0500,"Scientific and Technical Research and Services",96.908524,101.566576,94.572041,96.908524,10.237,2019-04-04,15:17:45
"	006","Department of Commerce",006-05-0120,"Salaries and Expenses",17.989996,16.511351,18.010075,17.989996,0,2019-04-04,15:17:45
"	006","Department of Commerce",006-55-0525,"Industrial Technology Services",0,1.81901,1.85331,0,0,2019-04-04,15:17:45
"	006","Department of Commerce",006-05-0126,"Office of the Inspector General",4.03,5.595,5.268,4.03,0,2019-04-04,15:17:45
"	006","Department of Commerce",006-55-4650,"Working Capital Fund",17.174791,17.743696,16.68726,17.174791,0,2019-04-04,15:17:45
"	006","Department of Commerce",006-60-0550,"Salaries and Expenses",9.569,7.4945,9.7823,9.569,9.569,2019-04-04,15:17:45
"	006","Department of Commerce",006-05-4511,"Working Capital Fund",105.836561,96.72052,81.414834,105.836561,118.883026,2019-04-04,15:17:45
"	006","Department of Commerce",006-60-0554,"Broadband Technology Opportunities Program, Recovery Act",0.038,0.014,0.037,0.038,0.038,2019-04-04,15:17:45
"	006","Department of Commerce",006-06-0125,"Salaries and Expenses",1.188,1.191298,1.317528,1.188,0,2019-04-04,15:17:45
"	006","Department of Commerce",006-07-0401,"Current Surveys and Programs",42.395136,43.565552,42.009646,42.395136,42.395136,2019-04-04,15:17:45
"	006","Department of Commerce",006-60-4358,"Network Construction Fund",0,0.846824,0,0,0,2019-04-04,15:17:45
"	006","Department of Commerce",006-07-0450,"Periodic Censuses and Programs",1836.791447,727.713192,1243.043842,1836.791447,1836.791447,2019-04-04,15:17:45
"	006","Department of Commerce",006-60-4421,"First Responder Network Authority",9.587401,0,9.347543,9.587401,0,2019-04-04,15:17:45
"	006","Department of Commerce",006-07-4512,"Census Working Capital Fund",304.619,321.172565,306.087,304.619,304.619,2019-04-04,15:17:45
"	006","Department of Commerce",006-60-8233,"Public Safety Trust Fund",9.298,0,9.298,9.298,0,2019-04-04,15:17:45
"	006","Department of Commerce",006-08-1500,"Salaries and Expenses",22.32358,20.17059,21.65599,22.32358,22.32358,2019-04-04,15:17:45
"	006","Department of Commerce",006-25-1250,"Operations and Administration",57.360075,45.854345,46.567043,57.360075,1.317,2019-04-04,15:17:45
"	006","Department of Commerce",006-30-0300,"Operations and Administration",21.719,21.458,20.277,21.719,0,2019-04-04,15:17:45
"	009","Department of Health and Human Services",009-15-0350,"Health Resources and Services",188.329,159.722,181.665,188.329,22.931,2019-04-04,18:37:53
"	009","Department of Health and Human Services",009-90-0145,"Transfers from the Patient-Centered Outcomes Research Trust Fund",0,0,0,0,0,2019-04-04,18:37:53
"	009","Department of Health and Human Services",009-70-1502,"Low Income Home Energy Assistance",0.169,0.169,0.163,0.169,0,2019-04-04,18:37:53
"	009","Department of Health and Human Services",009-15-8175,"Vaccine Injury Compensation Program Trust Fund",1.106,1.018,1.054,1.106,0,2019-04-04,18:37:53
"	009","Department of Health and Human Services",009-90-9912,"General Departmental Management",98.871,107.788,106.334,98.871,11.482,2019-04-04,18:37:53
"	009","Department of Health and Human Services",009-70-1503,"Refugee and Entrant Assistance",1.907,1.993,1.941,1.907,0,2019-04-04,18:37:53
"	009","Department of Health and Human Services",009-70-1512,"Promoting Safe and Stable Families",0.358,0.355,0.346,0.358,0,2019-04-04,18:37:53
"	009","Department of Health and Human Services",009-17-0390,"Indian Health Services",199.452,300.454,236.984,199.452,50.025,2019-04-04,18:37:53
"	009","Department of Health and Human Services",009-91-9941,"HHS Service and Supply Fund",0,0,0,0,0,2019-04-04,18:37:53
"	009","Department of Health and Human Services",009-70-1515,"Payments to States for the Child Care and Development Block Grant",0.112,0.11,0.107,0.112,0,2019-04-04,18:37:53
"	009","Department of Health and Human Services",009-20-0943,"CDC-wide Activities and Program Support",231.772,236.615,238.299,231.772,135.981,2019-04-04,18:37:53
"	009","Department of Health and Human Services",009-91-9971,"Miscellaneous Trust Funds",1.05,0.925,1.05,1.05,0,2019-04-04,18:37:53
"	009","Department of Health and Human Services",009-70-1534,"Social Services Block Grant",0.042,0.043,0.042,0.042,0,2019-04-04,18:37:53
"	009","Department of Health and Human Services",009-20-0944,"Agency for Toxic Substances and Disease Registry, Toxic Substances and Environmental Public Health",3,3.55,3,3,0,2019-04-04,18:37:53
"	009","Department of Health and Human Services",009-92-0128,"Office of Inspector General",22.984,22.1,22.984,22.984,0,2019-04-04,18:37:53
"	009","Department of Health and Human Services",009-70-1536,"Children and Families Services Programs",24.743,48.315,44.737,24.743,0,2019-04-04,18:37:53
"	009","Department of Health and Human Services",009-20-0946,"World Trade Center Health Program Fund",3.671,3.461,3.565,3.671,3.671,2019-04-04,18:37:53
"	009","Department of Health and Human Services",009-70-1545,"Payments for Foster Care and Permanency",0.146,0.145,0.142,0.146,0,2019-04-04,18:37:53
"	009","Department of Health and Human Services",009-20-4553,"CDC Working Capital Fund",201.81,209.128,196.778,201.81,34.426,2019-04-04,18:37:53
"	009","Department of Health and Human Services",009-70-1550,"Child Care Entitlement to States",0.633,0.631,0.612,0.633,0,2019-04-04,18:37:53
"	009","Department of Health and Human Services",009-25-9915,"National Institutes of Health",1127.024,1100.371,1139.069,1127.024,18.388,2019-04-04,18:37:53
"	009","Department of Health and Human Services",009-70-1552,"Temporary Assistance for Needy Families",0.349,0.347,0.338,0.349,0,2019-04-04,18:37:53
"	009","Department of Health and Human Services",009-30-1362,"Substance Abuse and Mental Health Services Administration",55.063,57.796,59.048,55.063,55.025,2019-04-04,18:37:53
"	009","Department of Health and Human Services",009-70-1553,"Children's Research and Technical Assistance",33.353,28.109,32.353,33.353,31.741,2019-04-04,18:37:53
"	009","Department of Health and Human Services",009-33-1700,"Healthcare Research and Quality",19.438,31.868,30.313,19.438,0,2019-04-04,18:37:53
"	009","Department of Health and Human Services",009-75-0142,"Aging and Disability Services Programs",0,11.076,10.135,0,0,2019-04-04,18:37:53
"	009","Department of Health and Human Services",009-38-0511,"Program Management",1322.469,1989.74,1675.742,1322.469,0,2019-04-04,18:37:53
"	009","Department of Health and Human Services",009-90-0125,"Nonrecurring Expenses Fund",173.197,90.035,260.316,173.197,30.714,2019-04-04,18:37:53
"	009","Department of Health and Human Services",009-38-0516,"State Grants and Demonstrations",0,2.379,1.304,0,0,2019-04-04,18:37:53
"	009","Department of Health and Human Services",009-90-0130,"Office of the National Coordinator for Health Information Technology",0,0,0,0,0,2019-04-04,18:37:53
"	009","Department of Health and Human Services",009-38-0522,"Center for Medicare and Medicaid Innovation",243.408,187.643,253.743,243.408,0,2019-04-04,18:37:53
"	009","Department of Health and Human Services",009-90-0135,"Office for Civil Rights",0,1.5,0,0,0,2019-04-04,18:37:53
"	009","Department of Health and Human Services",009-38-8004,"Federal Supplementary Medical Insurance Trust Fund",66.395,64.979,66.534,66.395,0,2019-04-04,18:37:53
"	009","Department of Health and Human Services",009-10-9911,"Salaries and Expenses",749.948,805.534,740.723,749.948,32.882,2019-04-04,18:37:53
"	009","Department of Health and Human Services",009-90-0139,"Office of Medicare Hearings and Appeals",12.787,10.474,11.188,12.787,0.979,2019-04-04,18:37:53
"	009","Department of Health and Human Services",009-38-8005,"Federal Hospital Insurance Trust Fund",263.504,245.95,265.134,263.504,0,2019-04-04,18:37:53
"	009","Department of Health and Human Services",009-15-0321,"Maternal, Infant, and Early Childhood Home Visiting Programs",0.57,0.762,0.563,0.57,0,2019-04-04,18:37:53
"	009","Department of Health and Human Services",009-90-0140,"Public Health and Social Services Emergency Fund",90.774,72.067,89.252,90.774,2.415,2019-04-04,18:37:53
"	009","Department of Health and Human Services",009-38-8393,"Health Care Fraud and Abuse Control Account",507.813,468.199,602.441,507.813,0,2019-04-04,18:37:53
"	010","Department of the Interior",010-90-0120,"Federal Trust Programs",16.732123,23.30297,23.30297,16.732123,16.732123,2019-04-03,18:52:02
"	010","Department of the Interior",010-10-5537,"San Joaquin Restoration Fund",0.005,0,0.005,0.005,0.005,2019-04-03,18:52:02
"	010","Department of the Interior",010-95-1113,"Office of Natural Resources Revenue",34.443496,24.51934,25.566577,34.443496,34.443496,2019-04-03,18:52:02
"	010","Department of the Interior",010-10-5656,"Colorado River Dam Fund, Boulder Canyon Project",4.775987,4.030394,4.323879,4.775987,4.775987,2019-04-03,18:52:02
"	010","Department of the Interior",010-04-1109,"Management of Lands and Resources",151.248987,88.347605,129.483984,151.248987,151.248987,2019-04-03,18:52:02
"	010","Department of the Interior",010-95-1121,"Central Hazardous Materials Fund",0.1222,0.073368,0.06,0.1222,0.1222,2019-04-03,18:52:02
"	010","Department of the Interior",010-12-0804,"Surveys, Investigations, and Research",174.15979,148.519776,165.770344,174.15979,174.15979,2019-04-03,18:52:02
"	010","Department of the Interior",010-04-1116,"Oregon and California Grant Lands",0,8.114201,0.970407,0,0,2019-04-03,18:52:02
"	010","Department of the Interior",010-95-1125,"Wildland Fire Management",10.595621,18.767467,11.407893,10.595621,10.595621,2019-04-03,18:52:02
"	010","Department of the Interior",010-18-1611,"Resource Management",91.337615,71.189348,88.783083,91.337615,91.337615,2019-04-03,18:52:02
"	010","Department of the Interior",010-04-5132,"Range Improvements",0,0.206106,0,0,0,2019-04-03,18:52:02
"	010","Department of the Interior",010-95-4523,"Working Capital Fund",339.738852,304.018381,342.67719,339.738852,339.738852,2019-04-03,18:52:02
"	010","Department of the Interior",010-22-1700,"Offshore Safety and Environmental Enforcement",23.209623,25.013787,20.148203,23.209623,23.209623,2019-04-03,18:52:02
"	010","Department of the Interior",010-04-9926,"Permanent Operating Funds",0,0.286578,0,0,0,2019-04-03,18:52:02
"	010","Department of the Interior",010-06-1917,"Ocean Energy Management",18.56708,18.427845,18.787813,18.56708,18.56708,2019-04-03,18:52:02
"	010","Department of the Interior",010-95-4529,"Interior Franchise Fund",0.38,0,0.98,0.38,0.38,2019-04-03,18:52:02
"	010","Department of the Interior",010-24-1036,"Operation of the National Park System",164.866572,158.528644,163.178426,164.866572,164.866572,2019-04-03,18:52:02
"	010","Department of the Interior",010-08-1801,"Regulation and Technology",6.971257,7.367677,5.838826,6.971257,6.971257,2019-04-03,18:52:02
"	010","Department of the Interior",010-24-1039,"Construction (and Major Maintenance)",1.66715,0.962,1.1318,1.66715,1.66715,2019-04-03,18:52:02
"	010","Department of the Interior",010-24-9924,"Other Permanent Appropriations",0,1.108,0.766,0,0,2019-04-03,18:52:02
"	010","Department of the Interior",010-08-5015,"Abandoned Mine Reclamation Fund",2.926083,3.200503,2.877543,2.926083,2.926083,2019-04-03,18:52:02
"	010","Department of the Interior",010-24-9928,"Recreation Fee Permanent Appropriations",16.96102,2.423053,2.73013,16.96102,16.96102,2019-04-03,18:52:02
"	010","Department of the Interior",010-10-0680,"Water and Related Resources",30.07192,26.886933,32.648285,30.07192,30.07192,2019-04-03,18:52:02
"	010","Department of the Interior",010-76-2100,"Operation of Indian Programs",99.928923,103.887277,97.625245,99.928923,99.928923,2019-04-03,18:52:02
"	010","Department of the Interior",010-10-0687,"California Bay-Delta Restoration",0.03,0.071326,0.03,0.03,0.03,2019-04-03,18:52:02
"	010","Department of the Interior",010-76-2301,Construction,2.055337,2.055337,2.055337,2.055337,2.055337,2019-04-03,18:52:02
"	010","Department of the Interior",010-10-4079,"Lower Colorado River Basin Development Fund",0,0.015509,0,0,0,2019-04-03,18:52:02
"	010","Department of the Interior",010-76-9925,"Miscellaneous Permanent Appropriations",0.171622,0.546193,0.099588,0.171622,0.171622,2019-04-03,18:52:02
"	010","Department of the Interior",010-10-4081,"Upper Colorado River Basin Fund",2.010262,6.644374,1.924139,2.010262,2.010262,2019-04-03,18:52:02
"	010","Department of the Interior",010-84-0102,"Salaries and Expenses",5.857377,6.88162,6.248789,5.857377,5.857377,2019-04-03,18:52:02
"	010","Department of the Interior",010-10-4524,"Working Capital Fund",74.673643,67.598055,73.27875,74.673643,74.673643,2019-04-03,18:52:02
"	010","Department of the Interior",010-84-5005,"Land and Water Conservation Fund",0.8879,0.5729,0.4759,0.8879,0.8879,2019-04-03,18:52:02
"	010","Department of the Interior",010-10-5065,"Policy and Administration",6.263702,5.454478,5.264195,6.263702,6.263702,2019-04-03,18:52:02
"	010","Department of the Interior",010-85-0412,"Assistance to Territories",0.0075,0.0075,0.0075,0.0075,0.0075,2019-04-03,18:52:02
"	010","Department of the Interior",010-86-0107,"Salaries and Expenses",2.609526,2.040237,2.464716,2.609526,2.609526,2019-04-03,18:52:02
"	010","Department of the Interior",010-10-5173,"Central Valley Project Restoration Fund",0.01,0.039428,0.01,0.01,0.01,2019-04-03,18:52:02
"	011","Department of Justice",011-05-0340,"September 11th Victim Compensation (general Fund)",5.814,8.262,7.46,5.814,5.814,2019-02-20,02:17:19
"	011","Department of Justice",011-21-0401,"Research, Evaluation, and Statistics",6.1,6.1,6.1,6.1,6.1,2019-02-20,02:17:19
"	011","Department of Justice",011-21-0403,"Public Safety Officer Benefits",0,0,0,0,0,2019-02-20,02:17:19
"	011","Department of Justice",011-05-1020,"Federal Prisoner Detention",18.850335,10.514761,9.137699,18.850335,18.778791,2019-02-20,02:17:19
"	011","Department of Justice",011-21-0404,"State and Local Law Enforcement Assistance",0,0,0,0,0,2019-02-20,02:17:19
"	011","Department of Justice",011-05-4575,"Justice Prisoner and Alien Transportation System Fund, U.S. Marshals",1.790216,1.901316,2.687502,1.790216,1.790216,2019-02-20,02:17:19
"	011","Department of Justice",002-25-0930,"Court Security",0,0,0,0,0,2019-02-20,02:17:19
"	011","Department of Justice",011-21-0405,"Juvenile Justice Programs",0,0,0,0,0,2019-02-20,02:17:19
"	011","Department of Justice",011-05-5042,"Assets Forfeiture Fund",33.49579,31.59579,31.59579,33.49579,33.49579,2019-02-20,02:17:19
"	011","Department of Justice",011-03-0129,"Salaries and Expenses",1.122478,0.992125,1.309292,1.122478,1.122478,2019-02-20,02:17:19
"	011","Department of Justice",011-05-5073,"United States Trustee System Fund",26.291204,31.422543,26.111426,26.291204,26.403969,2019-02-20,02:17:19
"	011","Department of Justice",011-03-0132,"Tactical Law Enforcement Wireless Communications",15.186,13.155,15.186,15.186,16.927,2019-02-20,02:17:19
"	011","Department of Justice",011-21-0406,"Community Oriented Policing Services",7.939728,7.939728,7.939728,7.939728,7.939728,2019-02-20,02:17:19
"	011","Department of Justice",011-07-0323,"Interagency Crime and Drug Enforcement",16.917693,13.219333,16.379183,16.917693,16.917693,2019-02-20,02:17:19
"	011","Department of Justice",011-03-0134,"Justice Information Sharing Technology",32.115023,44.794122,36.243285,32.115023,38.624023,2019-02-20,02:17:19
"	011","Department of Justice",011-21-0409,"Violence against Women Prevention and Prosecution Programs",0,0,0,0,0,2019-02-20,02:17:19
"	011","Department of Justice",011-08-1300,"Salaries and Expenses",18.987951,18.957135,18.363083,18.987951,18.987951,2019-02-20,02:17:19
"	011","Department of Justice",011-03-0136,"Detention Trustee",0,0,0,0,0,2019-02-20,02:17:19
"	011","Department of Justice",011-21-0420,"Salaries and Expenses, Office of Justice Programs",68.005045,60.455689,63.740019,68.005045,68.005045,2019-02-20,02:17:19
"	011","Department of Justice",011-10-0200,"Salaries and Expenses",1297.183841,1248.74551,1319.624479,1297.183841,1260.84136,2019-02-20,02:17:19
"	011","Department of Justice",011-03-0137,"Legal Activities Office Automation",0,0,0,0,0,2019-02-20,02:17:19
"	011","Department of Justice",011-03-0328,"Office of Inspector General",12.711108,11.619225,12.135501,12.711108,12.634492,2019-02-20,02:17:19
"	011","Department of Justice",011-21-5041,"Crime Victims Fund",4.97723,4.83121,4.90368,4.97723,4.97723,2019-02-20,02:17:19
"	011","Department of Justice",011-12-1100,"Salaries and Expenses",295.488705,309.220416,296.012586,295.488705,295.497705,2019-02-20,02:17:19
"	011","Department of Justice",011-03-0339,"Executive Office for Immigration Review",77.722363,64.421244,95.319297,77.722363,101.756552,2019-02-20,02:17:19
"	011","Department of Justice",011-30-8585,"Violent Crime Reduction Trust Fund",0,0,0,0,0,2019-02-20,02:17:19
"	011","Department of Justice",011-12-5131,"Diversion Control Fee Account",49.754933,50.448685,49.871967,49.754933,49.754933,2019-02-20,02:17:19
"	011","Department of Justice",011-03-4526,"Working Capital Fund",54.896116,52.778277,59.874429,54.896116,45.992885,2019-02-20,02:17:19
"	011","Department of Justice",011-14-0700,"Salaries and Expenses",194.367703,176.400974,183.464553,194.367703,194.367703,2019-02-20,02:17:19
"	011","Department of Justice",011-05-0128,"Salaries and Expenses, General Legal Activities",107.280157,86.370389,96.241449,107.280157,106.731627,2019-02-20,02:17:19
"	011","Department of Justice",011-14-8528,"Violent Crime Reduction Program",0,0,0,0,0,2019-02-20,02:17:19
"	011","Department of Justice",011-05-0311,"Fees and Expenses of Witnesses",14.857851,13.913392,14.857851,14.857851,14.780177,2019-02-20,02:17:19
"	011","Department of Justice",011-20-1060,"Salaries and Expenses",232.952028,215.516991,276.003714,232.952028,237.141824,2019-02-20,02:17:19
"	011","Department of Justice",011-05-0319,"Salaries and Expenses, Antitrust Division",49.476734,47.681385,48.568918,49.476734,49.476734,2019-02-20,02:17:19
"	011","Department of Justice",011-20-4500,"Federal Prison Industries, Incorporated",18.329,18.25791,21.61791,18.329,18.329,2019-02-20,02:17:19
"	011","Department of Justice",011-05-0322,"Salaries and Expenses, United States Attorneys",174.644034,182.891505,167.177024,174.644034,174.644034,2019-02-20,02:17:19
"	011","Department of Justice",011-20-8408,"Commissary Funds, Federal Prisons (Trust Revolving Fund)",27.8195,24.6015,25.2195,27.8195,27.8195,2019-02-20,02:17:19
"	011","Department of Justice",011-05-0324,"Salaries and Expenses, United States Marshals Service",130.259852,145.971052,128.67688,130.259852,125.663498,2019-02-20,02:17:19
"	011","Department of Justice",011-21-0334,"Weed and Seed Program Fund",0,0,0,0,0,2019-02-20,02:17:19
"	012","Department of Labor",012-16-0143,"Salaries and Expenses",15.069,8.906,16.62,20.458,20.458,2019-02-12,14:19:01
"	012","Department of Labor",012-18-0400,"Salaries and Expenses",25.794434,21.548862,22.267861,29.694993,29.694993,2019-02-12,14:19:01
"	012","Department of Labor",012-19-1200,"Salaries and Expenses",12.677157,15.522325,19.552154,18.817308,18.817308,2019-02-12,14:19:01
"	012","Department of Labor",012-20-0200,"Salaries and Expenses",34.053,114.799,96.027,96.264,96.264,2019-02-12,14:19:01
"	012","Department of Labor",012-22-0148,"Salaries and Expenses",2.018814,5.273828,2.920034,2.412637,2.412637,2019-02-12,14:19:01
"	012","Department of Labor",012-23-0150,"Salaries and Expenses",1.814,1.9364,1.9852,2.047,2.047,2019-02-12,14:19:01
"	012","Department of Labor",012-25-0106,"Office of Inspector General",0,4.71,4.51,4.51,4.51,2019-02-12,14:19:01
"	012","Department of Labor",012-05-0172,"Program Administration",22.9244,33.5947,40.5794,27.2124,27.2124,2019-02-12,14:19:01
"	012","Department of Labor",012-25-0162,"Information Technology Modernization",37.000001,24.910525,30.314056,37.000001,37.000001,2019-02-12,14:19:01
"	012","Department of Labor",012-05-0174,"Training and Employment Services",5.8299,2.458,4.7669,5.8299,5.8299,2019-02-12,14:19:01
"	012","Department of Labor",012-25-0164,"Veterans Employment and Training",1.504,3.1154,3.535,1.9803,1.9803,2019-02-12,14:19:01
"	012","Department of Labor",012-05-0179,"State Unemployment Insurance and Employment Service Operations",6.12536,20.72843,10.40848,6.12536,6.12536,2019-02-12,14:19:01
"	012","Department of Labor",012-25-0165,"Salaries and Expenses",13.442417,29.094257,20.380591,19.157013,19.080013,2019-02-12,14:19:01
"	012","Department of Labor",012-05-0181,"Job Corps",37.163,37.064,37.274,37.484,37.484,2019-02-12,14:19:01
"	012","Department of Labor",012-25-0166,"Office of Disability Employment Policy",0.856,1.688,1.142,0.951,0.951,2019-02-12,14:19:01
"	012","Department of Labor",012-11-1700,"Salaries and Expenses",10.769912,10.562101,11.790215,11.989037,11.989037,2019-02-12,14:19:01
"	012","Department of Labor",012-25-4601,"Working Capital Fund",274.079588,242.718593,250.81521,274.533289,274.079588,2019-02-12,14:19:01
"	012","Department of Labor",012-12-4204,"Pension Benefit Guaranty Corporation Fund",0,0.75042,0.898519,0.922142,0.922142,2019-02-12,14:19:01
"	012","Department of Labor",012-12-4204,"Pension Benefit Guaranty Corporation Fund",109.237,120.802,121.014,125.128,125.128,2019-02-12,17:45:37
"	012","Department of Labor",012-15-0163,"Salaries and Expenses",2.816,7.308,7.449,7.348,7.348,2019-02-12,14:19:01
"	012","Department of Labor",012-15-1521,"Special Benefits",11.398,11.112,11.192,11.398,11.398,2019-02-12,14:19:01
"	012","Department of Labor",012-15-1524,"Administrative Expenses, Energy Employees Occupational Illness Compensation Fund",11.67,10.944,11.774,11.67,11.67,2019-02-12,14:19:01
"	012","Department of Labor",012-15-8144,"Black Lung Disability Trust Fund",2.812,2.727,2.812,2.812,2.812,2019-02-12,14:19:01
"	014","Department of State",014-05-0535,"Embassy Security, Construction, and Maintenance",0,18.407,23.111,24.263,24.263,2019-02-19,23:35:38
"	014","Department of State",014-05-0113,"Diplomatic Programs",716.308008,1056.798595,975.217454,1139.044178,1139.044178,2019-02-19,23:35:38
"	014","Department of State",014-05-0120,"Capital Investment Fund",296.607546,355.615995,349.068323,296.607546,296.607546,2019-02-19,23:35:38
"	014","Department of State",014-05-0209,"Educational and Cultural Exchange Programs",0,10.971,3.0675,3.0735,3.0735,2019-02-19,23:35:38
"	014","Department of State",014-05-0529,"Office of Inspector General",0,13.788767,15.92255,17.01816,17.01816,2019-02-19,23:35:38
"	014","Department of State",014-05-5713,"Consular and Border Security Programs",63.527992,518.943013,579.59399,459.31799,459.31799,2019-02-19,23:35:38
"	014","Department of State",014-25-1022,"International Narcotics Control and Law Enforcement",0,8.700028,14.427838,14.740004,14.740004,2019-02-19,23:35:38
"	014","Department of State",014-25-1143,"Migration and Refugee Assistance",0,2.4074,2.5942,2.5678,2.5678,2019-02-19,23:35:38
"	014","Department of State",014-25-5177,"International Litigation Fund",0,2.619,2.427,2.038,2.038,2019-02-19,23:35:38
"	014","Department of State",014-05-4519,"Working Capital Fund",246.46226,257.298719,307.203176,313.355734,313.355734,2019-02-19,23:35:38
"	015","Department of the Treasury",015-05-4560,"Treasury Franchise Fund",102.413974,353.775452,437.606742,472.641331,472.641331,2019-04-05,18:01:14
"	015","Department of the Treasury",015-05-5590,"Financial Research Fund",0,19.6014,19.6014,19.6014,19.6014,2019-04-05,18:01:14
"	015","Department of the Treasury",015-12-0520,"Salaries and Expenses",0,190.047185,194.420092,190.772225,190.772225,2019-04-05,18:01:14
"	015","Department of the Treasury",015-12-0562,"Reimbursements to Federal Reserve Banks",0,72.48462,100.446882,93.966554,80.666554,2019-04-05,18:01:14
"	015","Department of the Treasury",015-12-1802,"Financial Agent Services",0,183.25625,187.530779,179.680253,179.680253,2019-04-05,18:01:14
"	015","Department of the Treasury",015-12-1884,"Federal Reserve Bank Reimbursement Fund",0,367.660855,366.790719,374.533078,375.094252,2019-04-05,18:01:14
"	015","Department of the Treasury",015-04-0173,"Salaries and Expenses",0,43.005875,57.057875,58.178875,58.178875,2019-04-05,18:01:14
"	015","Department of the Treasury",015-13-1008,"Salaries and Expenses",0,22.424887,26.944009,25.888408,25.888408,2019-04-05,18:01:14
"	015","Department of the Treasury",015-05-0101,"Salaries and Expenses",7.424,62.620114,17.738853,17.858979,10.320979,2019-04-05,18:01:14
"	015","Department of the Treasury",015-20-4502,"Bureau of Engraving and Printing Fund",0,81.687,79.3158,77.78794,76.78794,2019-04-05,18:01:14
"	015","Department of the Treasury",015-05-0106,"Office of Inspector General",0,0.06495,0.066898,0.068904,0.068904,2019-04-05,18:01:14
"	015","Department of the Treasury",015-25-4159,"United States Mint Public Enterprise Fund",0,75.85476,75.39476,75.39476,67.928711,2019-04-05,18:01:14
"	015","Department of the Treasury",015-05-0115,"Department-wide Systems and Capital Investments Programs",0,0.395492,0,0,0,2019-04-05,18:01:14
"	015","Department of the Treasury",015-45-0912,"Taxpayer Services",0,0.020952,0.022849,0.01425,0.01425,2019-04-05,18:01:14
"	015","Department of the Treasury",015-05-0119,"Treasury Inspector General for Tax Administration",0,10.488199,11.130989,11.221691,11.677745,2019-04-05,18:01:14
"	015","Department of the Treasury",015-45-0919,"Operations Support",0,2597.469815,2660.437772,2844.54498,2836.206948,2019-04-05,18:01:14
"	015","Department of the Treasury",015-05-0133,"Special Inspector General for the Troubled Asset Relief Program",0,3.2,3,2,2,2019-04-05,18:01:14
"	015","Department of the Treasury",015-45-0921,"Business Systems Modernization",0,247.387956,350.999514,350.900568,320,2019-04-05,18:01:14
"	015","Department of the Treasury",015-05-0142,"State Small Business Credit Initiative",0,0,0,0,0,2019-04-05,18:01:14
"	015","Department of the Treasury",015-45-0928,"Health Insurance Tax Credit Administration",0,0,0,0,0,2019-04-05,18:01:14
"	015","Department of the Treasury",015-45-5432,"IRS Miscellaneous Retained Fees",0,0,0,0,0,2019-04-05,18:01:14
"	015","Department of the Treasury",015-05-1804,"Office of Terrorism and Financial Intelligence",0,7.047,6.887,17.006,17.006,2019-04-05,18:01:14
"	015","Department of the Treasury",015-45-5510,"Private Collection Agent Program",0,0,0,0,0,2019-04-05,18:01:14
"	015","Department of the Treasury",015-05-1855,"Cybersecurity Enhancement Account",18.471412,23.199849,27.579697,18.471412,18,2019-04-05,18:01:14
"	015","Department of the Treasury",015-57-8413,"Assessment Funds",0,189.692803,182.155428,187.744355,187.744355,2019-04-05,18:01:14
"	015","Department of the Treasury",015-05-1881,"Community Development Financial Institutions Fund Program Account",0,9.884141,9.176505,6.306559,6.276559,2019-04-05,18:01:14
"	016","Social Security Administration",016-00-8704,"Limitation on Administrative Expenses",1874.648,1922.706,1964.613,1969.308,1285.082,2019-02-19,16:56:45
"	018","Department of Education",018-80-1400,"Office of Inspector General",4.384,7.919,4.827,4.384,0,2019-04-05,14:58:22
"	018","Department of Education",350-00-4019,"EEOC Education, Technical Assistance, and Training Revolving Fund",0,0,0,0,0,2019-04-05,14:58:22
"	018","Department of Education",018-10-0101,"Indian Education",0,0,0,0,0,2019-04-05,14:58:22
"	018","Department of Education",018-30-0400,"Career, Technical and Adult Education",0,0,0,0,0,2019-04-05,14:58:22
"	018","Department of Education",018-40-0201,"Higher Education",0.9553,0.8331,1.5775,0.9553,0,2019-04-05,14:58:22
"	018","Department of Education",018-40-0241,"College Housing and Academic Facilities Loans Program Account",0,0.052,0.023,0.023,0,2019-04-05,14:58:22
"	018","Department of Education",018-40-1901,"Historically Black College and University Capital Financing - program account",0,0.02,0.009,0.009,0,2019-04-05,14:58:22
"	018","Department of Education",018-40-4252,"College Housing and Academic Facilities Loans Financing Account",0.025,0.002,0.002,0.002,0,2019-04-05,14:58:22
"	018","Department of Education",018-45-0202,"Student Aid Administration",545.905651,486.66865,498.123306,537.219946,0,2019-04-05,14:58:22
"	018","Department of Education",018-50-1100,"Institute of Education Sciences",60.19656,57.584741,68.662366,60.92756,9.606,2019-04-05,14:58:22
"	018","Department of Education",018-80-0700,"Office for Civil Rights",9.675,16.625,9.613,10.383,0,2019-04-05,14:58:22
"	018","Department of Education",018-80-0800,"Program Administration",147.77679,121.868871,149.063551,147.26213,0.294,2019-04-05,14:58:22
"	019","Department of Energy",019-20-2250,"Cybersecurity, Energy Security, and Emergency Response",0,0,1.65,1.657,0,2019-02-19,21:22:03
"	019","Department of Energy",019-05-0240,"Weapons Activities",0,811.226849,921.309855,1033.983937,0,2019-02-19,21:22:03
"	019","Department of Energy",019-20-4180,"Isotope Production and Distribution Program Fund",0,0.017184,0.017581,0.017549,0,2019-02-19,21:22:03
"	019","Department of Energy",019-05-0309,"Defense Nuclear Nonproliferation",0,65.605608,64.52431,64.065679,0,2019-02-19,21:22:03
"	019","Department of Energy",019-20-5227,"Nuclear Waste Disposal",0,12.983,19.744,14.181,0,2019-02-19,21:22:03
"	019","Department of Energy",019-05-0313,"Federal Salaries and Expenses",0,12.834824,10.120234,12.07093,0,2019-02-19,21:22:03
"	019","Department of Energy",019-20-5369,"Northeast Home Heating Oil Reserve",0,0.377,0.31,0.323,0,2019-02-19,21:22:03
"	019","Department of Energy",019-50-0302,"Operation and Maintenance, Southeastern Power Administration",0,2.227,2.271,2.317,0,2019-02-19,21:22:03
"	019","Department of Energy",019-05-0314,"Naval Reactors",0,108.12864,108.67303,109.28203,0,2019-02-19,21:22:03
"	019","Department of Energy",019-50-0303,"Operation and Maintenance, Southwestern Power Administration",0,5.88837,7.17853,7.35853,0,2019-02-19,21:22:03
"	019","Department of Energy",019-10-0243,"Other Defense Activities",0,44.387724,39.648215,39.564477,0,2019-02-19,21:22:03
"	019","Department of Energy",019-50-4045,"Bonneville Power Administration Fund",0,0.1179,0.1185,0.1185,0,2019-02-19,21:22:03
"	019","Department of Energy",019-10-0251,"Defense Environmental Cleanup",0,227.632607,237.12761,238.938515,0,2019-02-19,21:22:03
"	019","Department of Energy",019-50-5068,"Construction, Rehabilitation, Operation and Maintenance, Western Area Power Administration",0,11.68121,15.42716,13.94716,0,2019-02-19,21:22:03
"	019","Department of Energy",019-20-0213,"Fossil Energy Research and Development",0,58.68964,48.137642,50.308069,0,2019-02-19,21:22:03
"	019","Department of Energy",019-60-0228,"Departmental Administration",190.782,240.986071,221.37067,204.184415,57.582062,2019-02-19,21:22:03
"	019","Department of Energy",019-20-0216,"Energy Information Administration",0,17.997056,17.997056,18.012858,0,2019-02-19,21:22:03
"	019","Department of Energy",019-60-0236,"Office of the Inspector General",0,0.3,0.32,0.325,0,2019-02-19,21:22:03
"	019","Department of Energy",019-20-0218,"Strategic Petroleum Reserve",0,18.922,17.969348,16.642355,0,2019-02-19,21:22:03
"	019","Department of Energy",019-60-4563,"Working Capital Fund",89.513509,74.038554,81.85708,89.513509,35.673988,2019-02-19,21:22:03
"	019","Department of Energy",019-20-0222,Science,0,368.128397,361.289312,366.513467,0,2019-02-19,21:22:03
"	019","Department of Energy",019-20-0233,"SPR Petroleum Account",0,0.498,0.223,0.139581,0,2019-02-19,21:22:03
"	019","Department of Energy",019-20-0315,"Non-defense Environmental Cleanup",0,6.628514,6.634186,6.728161,0,2019-02-19,21:22:03
"	019","Department of Energy",019-20-0318,"Electricity Delivery",0,4.629906,3.045164,3.18013,0,2019-02-19,21:22:03
"	019","Department of Energy",019-20-0319,"Nuclear Energy",0,65.154367,65.261317,70.360414,2.049362,2019-02-19,21:22:03
"	019","Department of Energy",019-20-0321,"Energy Efficiency and Renewable Energy",0,60.616367,61.155856,60.577927,1.755689,2019-02-19,21:22:03
"	020","Environmental Protection Agency",020-00-0103,"State and Tribal Assistance Grants",0,1.308,1.308,0.84,0.84,2019-02-19,23:05:08
"	020","Environmental Protection Agency",020-00-0107,"Science and Technology",12.517,66.409,66.409,51.805,51.805,2019-02-19,23:05:08
"	020","Environmental Protection Agency",020-00-0108,"Environmental Programs and Management",132.138,271.504,271.504,223.311,223.311,2019-02-19,23:05:08
"	020","Environmental Protection Agency",020-00-0110,"Buildings and Facilities",0,0,0,0,0,2019-02-19,23:05:08
"	020","Environmental Protection Agency",020-00-0112,"Office of Inspector General",0.368,3.201,3.201,2.883,2.883,2019-02-19,23:05:08
"	020","Environmental Protection Agency",020-00-0250,"Payment to the Hazardous Substance Superfund",39.784,62.942,62.942,63.205,63.205,2019-02-19,23:05:08
"	020","Environmental Protection Agency",020-00-4330,"Hazardous Waste Electronic Manifest System Fund",0,0.65,0.65,0,0,2019-02-19,23:05:08
"	020","Environmental Protection Agency",020-00-5374,"Pesticide Registration Fund",0,0,0,0,0,2019-02-19,23:05:08
"	020","Environmental Protection Agency",020-00-8153,"Leaking Underground Storage Tank Trust Fund",0.129,0.277,0.277,0.165,0.165,2019-02-19,23:05:08
"	020","Environmental Protection Agency",020-00-8221,"Inland Oil Spill Programs",0.265,0.457,0.457,0.555,0.555,2019-02-19,23:05:08
"	021","Department of Transportation",021-17-8158,"Motor Carrier Safety Grants",0,0.00206,0.002122,0.002186,0.002252,2019-04-01,16:21:55
"	021","Department of Transportation",021-70-1750,"Operations and Training",0,16.60446,6.629765,3.827065,0,2019-04-01,16:21:55
"	021","Department of Transportation",021-17-8159,"Motor Carrier Safety Operations and Programs",0,67.318954,73.276673,64.447855,7.577272,2019-04-01,16:21:55
"	021","Department of Transportation",021-18-8016,"Operations and Research (Highway Trust Fund)",0,57.247998,57.280386,61.093564,61.093562,2019-04-01,16:21:55
"	021","Department of Transportation",021-18-8020,"Highway Traffic Safety Grants",0,9.33305,11.20551,6.506211,6.506209,2019-04-01,16:21:55
"	021","Department of Transportation",021-27-0700,"Safety and Operations",0,15.868065,15.462159,4.882324,0,2019-04-01,16:21:55
"	021","Department of Transportation",001-30-4505,"Government Publishing Office Business Operations Revolving Fund",0,0,0,2.816242,2.816242,2019-04-01,16:21:55
"	021","Department of Transportation",021-27-0745,"Railroad Research and Development",0,0.654528,0.683134,0.438747,0,2019-04-01,16:21:55
"	021","Department of Transportation",005-04-9914,"Executive Operations",0,4.361,19.694,20.932315,0,2019-04-01,16:21:55
"	021","Department of Transportation",021-36-1120,"Administrative Expenses",0,18.98378,18.478252,18.287613,16.368342,2019-04-01,16:21:55
"	021","Department of Transportation",018-80-0800,"Program Administration",0,1.8,2.48,2.52,2.52,2019-04-01,16:21:55
"	021","Department of Transportation",021-36-1121,"Research, Training, and Human Resources",0,1.15575,1.915,0,0,2019-04-01,16:21:55
"	021","Department of Transportation",021-04-0102,"Salaries and Expenses",34.278,49.615797,42.977776,34.278112,34.278112,2019-04-01,16:21:55
"	021","Department of Transportation",021-36-1129,"Formula Grants",0,8.476762,8.293953,7.794391,7.794391,2019-04-01,16:21:55
"	021","Department of Transportation",021-04-0118,"Office of Civil Rights",0.561,0.837963,0.555574,0.56124,0.56124,2019-04-01,16:21:55
"	021","Department of Transportation",021-36-8350,"Transit Formula Grants",0,4.503549,5.367258,2.932276,2.932276,2019-04-01,16:21:55
"	021","Department of Transportation",021-04-4520,"Working Capital Fund",83.162,71.818942,92.998744,101.458488,83.162433,2019-04-01,16:21:55
"	021","Department of Transportation",021-40-4089,"Saint Lawrence Seaway Development Corporation",0,1.618,1.642,1.877,1.877,2019-04-01,16:21:55
"	021","Department of Transportation",021-04-4522,"Working Capital Fund, Volpe National Transportation Systems Center",1.18,0.951744,1.125904,1.180089,1.180089,2019-04-01,16:21:55
"	021","Department of Transportation",021-12-1301,Operations,0,1316.489471,1424.889933,1467.104492,1467.424492,2019-04-01,16:21:55
"	021","Department of Transportation",021-50-1400,"Operational Expenses",0,17.320004,16.722901,20.955244,21.340472,2019-04-01,16:21:55
"	021","Department of Transportation",021-12-4562,"Administrative Services Franchise Fund",0,27.257201,30.151613,30.762947,27.860203,2019-04-01,16:21:55
"	021","Department of Transportation",021-50-1401,"Hazardous Materials Safety",0,6.430966,4.70914,1.650155,2.035641,2019-04-01,16:21:55
"	021","Department of Transportation",021-12-8106,"Grants-in-aid for Airports (Airport and Airway Trust Fund)",0,9.3,10.452426,10.262769,10.252769,2019-04-01,16:21:55
"	021","Department of Transportation",021-50-5172,"Pipeline Safety",0,7.60086,9.281517,4.358368,4.743806,2019-04-01,16:21:55
"	021","Department of Transportation",021-12-8107,"Facilities and Equipment (Airport and Airway Trust Fund)",0,1835.64,1427.61,1670.15,1670.15,2019-04-01,16:21:55
"	021","Department of Transportation",021-56-0130,"Salaries and Expenses",0,9.002046,9.560909,9.726207,0,2019-04-01,16:21:55
"	021","Department of Transportation",021-15-8083,"Federal-aid Highways",0,126.373324,145.451927,147.642771,148.980417,2019-04-01,16:21:55
"	021","Department of Transportation",021-70-1710,"Ready Reserve Force",0,2.113893,2.014935,2.012935,0,2019-04-01,16:21:55
"	023","General Services Administration",023-30-0600,"Electronic Government (E-GOV) Fund",0,0,0,0,0,2019-03-29,14:10:10
"	023","General Services Administration",023-30-4540,"Working Capital Fund",0,331.736525,352.880464,328.192195,328.192195,2019-03-29,14:10:10
"	023","General Services Administration",023-30-4549,"Federal Citizen Services Fund",0,40.083121,53.236671,40.677671,40.677671,2019-03-29,14:10:10
"	023","General Services Administration",023-30-5381,"Acquisition Workforce Training Fund",0,4.219306,4.20212,4.45921,4.45921,2019-03-29,14:10:10
"	023","General Services Administration",023-05-4542,"Federal Buildings Fund",0,44.376887,51.2637,57.959999,57.959999,2019-03-29,14:10:10
"	023","General Services Administration",023-10-4534,"Acquisition Services Fund",0,220.129044,273.516338,180.243933,180.243933,2019-03-29,14:10:10
"	023","General Services Administration",023-10-5250,"Expenses of Transportation Audit Contracts and Contract Administration",0,0.798243,0.451324,0.451324,0.451324,2019-03-29,14:10:10
"	023","General Services Administration",023-30-0108,"Office of Inspector General",0,4.914,7.582,9.733,9.733,2019-03-29,14:10:10
"	023","General Services Administration",023-30-0110,"Operating Expenses",0,0.796014,0.850014,0.696014,0.696014,2019-03-29,14:10:10
"	023","General Services Administration",023-30-0401,"Government-wide Policy",0,16.567882,22.540618,25.337541,25.337541,2019-03-29,14:10:10
"	024","Department of Homeland Security",024-58-0530,"Operations and Support",0,1532.012,1571.444,1601.351,1599.351,2019-04-05,15:56:16
"	024","Department of Homeland Security",024-70-4236,"National Flood Insurance Fund",0,90.651,95.715,91.772,91.772,2019-04-05,15:56:16
"	024","Department of Homeland Security",024-58-0532,"Procurement, Construction, and Improvements",0,594.68,177.469,239.695,198.133,2019-04-05,15:56:16
"	024","Department of Homeland Security",024-80-0800,"Operations and Support",0,19.517,36.842,43.812,43.812,2019-04-05,15:56:16
"	024","Department of Homeland Security",024-58-4363,"Enhanced Inspectional Services",0,2.944,2.944,2.944,2.944,2019-04-05,15:56:16
"	024","Department of Homeland Security",024-10-0100,"Operations and Support",189.737,173.486,187.536,189.737,189.737,2019-04-05,15:56:16
"	024","Department of Homeland Security",024-80-0803,"Research and Development",0,0,0.175,0.175,0.175,2019-04-05,15:56:16
"	024","Department of Homeland Security",024-58-5543,"International Registered Traveler",0,12.94,14.399,14.399,14.399,2019-04-05,15:56:16
"	024","Department of Homeland Security",024-15-0112,"Operations and Support",295.563,193.229,251.613,295.563,295.563,2019-04-05,15:56:16
"	024","Department of Homeland Security",024-85-0860,"Research and Development",0,3.22,0,0,0,2019-04-05,15:56:16
"	024","Department of Homeland Security",024-58-5595,"Electronic System for Travel Authorization",0,40.218,40.218,40.218,40.218,2019-04-05,15:56:16
"	024","Department of Homeland Security",024-15-0406,"Procurement, Construction, and Improvements",123.332,68.233,88.586,123.332,123.332,2019-04-05,15:56:16
"	024","Department of Homeland Security",024-85-0861,"Operations and Support",0,7.325,7.106,7.283,7.283,2019-04-05,15:56:16
"	024","Department of Homeland Security",024-60-0610,"Operations and Support",0,453.915,418.327,433.184,433.184,2019-04-05,15:56:16
"	024","Department of Homeland Security",024-15-4640,"Working Capital Fund",66.287,80.329,76.371,66.287,66.287,2019-04-05,15:56:16
"	024","Department of Homeland Security",024-60-0613,"Procurement, Construction, and Improvements",0,31.8,36.5,31.556,31.556,2019-04-05,15:56:16
"	024","Department of Homeland Security",024-18-0115,"Operations and Support",0,14.731,14.922,15.146,15.146,2019-04-05,15:56:16
"	024","Department of Homeland Security",024-65-0412,"Procurement, Construction, and Improvements",0,417.223,324.829,316.44,316.44,2019-04-05,15:56:16
"	024","Department of Homeland Security",024-20-0200,"Operations and Support",0,20.142,21.219,24.532,24.532,2019-04-05,15:56:16
"	024","Department of Homeland Security",024-65-0542,"Federal Protective Service",0,32.928,42.697,34.508,34.508,2019-04-05,15:56:16
"	024","Department of Homeland Security",024-30-0300,"Operations and Support",0,981.257,949.332,860.057,860.057,2019-04-05,15:56:16
"	024","Department of Homeland Security",024-40-0400,"Operations and Support",0,139.781,152.939,155.682,140.782,2019-04-05,15:56:16
"	024","Department of Homeland Security",024-65-0566,"Operations and Support",0,542.613,555.362,672.348,672.348,2019-04-05,15:56:16
"	024","Department of Homeland Security",024-40-0401,"Procurement, Construction, and Improvements",0,10.514,2.557,2.557,2.557,2019-04-05,15:56:16
"	024","Department of Homeland Security",024-65-0805,"Research and Development",0,219.429,230.281,93.358,93.358,2019-04-05,15:56:16
"	024","Department of Homeland Security",024-45-0410,"Procurement, Construction, and Improvements",0,28.13,40.537,3.298,3.298,2019-04-05,15:56:16
"	024","Department of Homeland Security",024-68-0117,"Operations and Support",0,1.241,1.15,1.15,1.15,2019-04-05,15:56:16
"	024","Department of Homeland Security",024-45-0550,"Operations and Support",0,742.902,697.423,689.116,689.116,2019-04-05,15:56:16
"	024","Department of Homeland Security",024-70-0413,"Federal Assistance",0,8.931,6.445,6.492,6.492,2019-04-05,15:56:16
"	024","Department of Homeland Security",024-49-0509,"Operations and Support",0,36.148,35.89,56.118,56.118,2019-04-05,15:56:16
"	024","Department of Homeland Security",024-70-0414,"Procurement, Construction, and Improvements",0,47.35,47.942,62.175,62.175,2019-04-05,15:56:16
"	024","Department of Homeland Security",024-55-0540,"Operations and Support",0,439.587,513.736,541.371,541.371,2019-04-05,15:56:16
"	024","Department of Homeland Security",024-70-0700,"Operations and Support",0,336.903,325.145,332.236,332.236,2019-04-05,15:56:16
"	024","Department of Homeland Security",024-55-0545,"Procurement, Construction, and Improvements",0,81.501,35.559,7.8,7.8,2019-04-05,15:56:16
"	024","Department of Homeland Security",024-70-0702,"Disaster Relief Fund",0,17.985,16.386,15.378,15.378,2019-04-05,15:56:16
"	025","Department of Housing and Urban Development",025-35-0189,"Office of Inspector General",0,11.789565,10.5,10.7,10.7,2019-02-19,21:27:58
"	025","Department of Housing and Urban Development",025-35-0335,"Administrative Support Offices",57.114932,49.705208,46.754208,57.114932,57.114932,2019-02-19,21:27:58
"	025","Department of Housing and Urban Development",025-35-0402,"Transformation Initiative",0,0,0,0,0,2019-02-19,21:27:58
"	025","Department of Housing and Urban Development",025-35-4586,"Information Technology Fund",311.667435,219.678426,401.873481,311.667435,285.001965,2019-02-19,21:27:58
"	025","Department of Housing and Urban Development",025-35-4598,"Working Capital Fund",3.13623,0,0,3.13623,3.13623,2019-02-19,21:27:58
"	026","National Aeronautics and Space Administration",026-00-0131,"Exploration Research and Technology",18.287489,23.788488,19.448564,18.287489,18.287489,2019-02-20,00:24:13
"	026","National Aeronautics and Space Administration",026-00-4546,"Working Capital Fund",176.698316,189.539918,187.191934,176.698316,171.077246,2019-02-20,00:24:13
"	026","National Aeronautics and Space Administration",026-00-0115,"LEO and Spaceflight Operations",469.94934,527.388314,423.413042,469.94934,469.94934,2019-02-20,00:24:13
"	026","National Aeronautics and Space Administration",026-00-0120,Science,528.110767,551.866512,529.416689,528.110767,528.110767,2019-02-20,00:24:13
"	026","National Aeronautics and Space Administration",026-00-0122,"Safety, Security and Mission Services",595.040969,591.125785,574.998363,595.040969,595.040969,2019-02-20,00:24:13
"	026","National Aeronautics and Space Administration",026-00-0124,"Deep Space Exploration Systems",325.405052,372.727535,338.734904,325.405052,325.405052,2019-02-20,00:24:13
"	026","National Aeronautics and Space Administration",026-00-0126,Aeronautics,41.98305,61.823316,50.100757,41.98305,41.98305,2019-02-20,00:24:13
"	026","National Aeronautics and Space Administration",026-00-0130,"Construction and Environmental Compliance and Restoration",1.83644,16.711717,8.532391,1.83644,1.83644,2019-02-20,00:24:13
"	027","Office of Personnel Management",027-00-0100,"Salaries and Expenses",98.723,153.772921,161.519506,169.608757,0,2019-02-19,21:29:48
"	027","Office of Personnel Management",027-00-0400,"Office of Inspector General",0,5.19839,4.90881,4.418014,0,2019-02-19,21:29:48
"	027","Office of Personnel Management",027-00-4571,"Revolving Fund",0,0,0,0,0,2019-02-19,21:29:48
"	028","Small Business Administration",028-00-0100,"Salaries and Expenses",63.07119,80.502831,68.279073,63.07119,63.070846,2019-02-19,21:35:21
"	028","Small Business Administration",028-00-1152,"Disaster Loans Program Account",29.1135,31.548381,41.641213,29.1135,29.1135,2019-02-19,21:35:21
"	029","Department of Veterans Affairs",029-15-0172,"Veterans Choice Fund",0,133.741,0,0,0,2019-02-12,14:09:49
"	029","Department of Veterans Affairs",029-25-0151,"General Operating Expenses, Veterans Benefits Administration",62.166,35.863,52.063,62.166,0,2019-02-12,14:09:49
"	029","Department of Veterans Affairs",029-40-0129,"National Cemetery Administration",0,0,0,0,0,2019-02-12,14:09:49
"	029","Department of Veterans Affairs",029-40-0167,"Information Technology Systems",4343,3961.166,4103,4343,4343,2019-02-12,14:09:49
"	029","Department of Veterans Affairs",029-40-1123,"Veterans Electronic Health Care Record",1613.871,586.576,1117.871,1613.871,1603,2019-02-12,14:09:49
"	029","Department of Veterans Affairs",029-40-4539,"Franchise Fund",98.771,67.07,90.297,98.771,0,2019-02-12,14:09:49
"	029","Department of Veterans Affairs",029-15-0152,"Medical Support and Compliance",0.29,0.541,0.288,0.29,0,2019-02-12,14:09:49
"	029","Department of Veterans Affairs",029-15-0160,"Medical Services",0,0,0,0,0,2019-02-12,14:09:49
"	029","Department of Veterans Affairs",029-15-0161,"Medical and Prosthetic Research",0,0,0,0,0,2019-02-12,14:09:49
"	029","Department of Veterans Affairs",029-15-0162,"Medical Facilities",0,0,0,0,0,2019-02-12,14:09:49
"	184","U.S. Agency for International Development",014-25-1030,"Global HIV/AIDs Initiative",1.327796,1.916118,2.065794,1.327796,1.327796,2019-02-19,12:46:32
"	184","U.S. Agency for International Development",014-25-1031,"Global Health Programs",0.358,0.325,0.341,0.358,0.358,2019-02-19,12:46:32
"	184","U.S. Agency for International Development",184-15-0300,"Capital Investment Fund of the United States Agency for International Development.",25.699999,22.44867,29.968433,25.699999,25.699999,2019-02-19,12:46:32
"	184","U.S. Agency for International Development",184-15-1000,"Operating Expenses of the Agency for International Development",136.308057,164.662252,201.118526,136.308057,133.478548,2019-02-19,12:46:32
"	184","U.S. Agency for International Development",184-15-1035,"International Disaster Assistance",1.254443,1.82814,1.254443,1.254443,1.254443,2019-02-19,12:46:32
"	184","U.S. Agency for International Development",184-15-1095,"Child Survival and Health Programs",0.1075,0.441109,0.371676,0.1075,0.1075,2019-02-19,12:46:32
"	184","U.S. Agency for International Development",184-15-4513,"Working Capital Fund",2.888212,3.77214,3.088212,2.888212,2.888212,2019-02-19,12:46:32
"	202","U.S. Army Corps of Engineers",202-00-4902,"Revolving Fund",199.172386,555.209252,552.496776,530.503776,331.629005,2019-02-13,21:55:40
"	202","U.S. Army Corps of Engineers",202-00-3123,"Operation and Maintenance",0,24.978,22.006,22.735,22.735,2019-02-13,21:55:40
"	202","U.S. Army Corps of Engineers",202-00-3124,Expenses,0,0.08,0.08,0.08,0.08,2019-02-13,21:55:40
"	202","U.S. Army Corps of Engineers",202-00-3125,"Flood Control and Coastal Emergencies",0,1.951,1.657378,1.667924,0,2019-02-13,21:55:40
"	393","National Archives and Records Administration",393-00-0300,"Operating Expenses",0.077319,86.204049,85.500067,77.31922,77.31922,2019-02-14,20:42:00
"	393","National Archives and Records Administration",393-00-4578,"Records Center Revolving Fund",0.01911,25.022202,23.10925,20.116203,20.116203,2019-02-14,20:42:00
"	393","National Archives and Records Administration",393-00-8436,"National Archives Trust Fund",9.0E-6,0.16789,0.16957,0.17127,0.17127,2019-02-14,20:42:00
"	422","National Science Foundation",422-00-0106,"Education and Human Resources",12.053,11.28,10.503,12.053,12.053,2019-02-19,19:53:08
"	422","National Science Foundation",422-00-0100,"Research and Related Activities",80.607,71.385,71.795,81.992,81.992,2019-02-19,19:53:08
"	422","National Science Foundation",422-00-0180,"Agency Operations and Award Management",37.866,35.972,41.246,38.213,38.213,2019-02-19,19:53:08
"	429","Nuclear Regulatory Commission",429-00-0200,"Salaries and Expenses",163.4165,156.91662,157.933375,163.4165,163.4165,2019-02-19,19:53:15
